exposure,outcome,id.exposure,id.outcome,samplesize,SNP,b,se,se.delta,p,effect_allele.exposure,other_allele.exposure,effect_allele.outcome,other_allele.outcome,beta.exposure,beta.outcome,eaf.exposure,eaf.outcome,remove,palindromic,ambiguous,se.outcome,pval.outcome,mr_keep.outcome,pval_origin.outcome,data_source.outcome,gene.exposure,chr.exposure,pos.exposure,pval.exposure,se.exposure,samplesize.exposure,mr_keep.exposure,pval_origin.exposure,data_source.exposure,action,SNP_index,mr_keep,samplesize.outcome,F_stat,CI_up,CI_lo,CI_up_OR,CI_lo_OR,OR,conf
exposure,outcome,9314_9,eKortk,NA,rs429358,-2.920253863,0.031732892,0.093435274,0,C,T,C,T,-0.3624,1.0583,0.17407,NA,FALSE,FALSE,FALSE,0.0115,1.00E-200,TRUE,reported,textfile,PSG5,chr19,44908684,1.00E-200,0.010906,35368,TRUE,reported,textfile,2,1,TRUE,NA,1387.962432,-2.737120725,-3.103387001,0.064756531,0.044896879,0.05,[0.04 : 0.06]
exposure,outcome,9574_11,eKortk,NA,rs35103166,0.667687596,0.075803982,0.087095709,1.27E-18,C,T,C,T,0.1306,0.0872,0.34953,NA,FALSE,FALSE,FALSE,0.0099,1.14E-18,TRUE,reported,textfile,BIN1,chr2,127124606,1.20E-54,0.008389,35368,TRUE,reported,textfile,2,1,TRUE,NA,276.4365493,0.838395186,0.496980006,2.312652619,1.643749653,1.95,[1.64 : 2.31]
exposure,outcome,4992_49,eKortk,NA,rs5848,-0.37574644,0.047772164,0.050435385,3.68E-15,T,C,T,C,-0.2177,0.0818,0.25559,NA,FALSE,FALSE,FALSE,0.0104,3.71E-15,TRUE,reported,textfile,GRN,chr17,44352876,2.05E-119,0.00937,35370,TRUE,reported,textfile,2,1,TRUE,NA,649.5568402,-0.276893086,-0.474599794,0.758135548,0.622133989,0.69,[0.62 : 0.76]
exposure,outcome,10816_150,eKortk,NA,rs1859788,-0.052955665,0.008004926,0.008006309,3.71E-11,G,A,G,A,-1.2992,0.0688,0.6961,NA,FALSE,FALSE,FALSE,0.0104,4.47E-11,TRUE,reported,textfile,PILRA,chr7,100374211,1.00E-200,0.00365,35357,TRUE,reported,textfile,2,1,TRUE,NA,88325.13074,-0.0372633,-0.06864803,0.963422432,0.933655241,0.95,[0.93 : 0.96]
exposure,outcome,13116_25,eKortk,NA,rs3745997,0.293471503,0.051813472,0.053673846,1.48E-08,T,G,T,G,0.4825,0.1416,0.03624,NA,FALSE,FALSE,FALSE,0.025,1.47E-08,TRUE,reported,textfile,CD177,chr19,43373254,1.92E-97,0.023032,35356,TRUE,reported,textfile,2,1,TRUE,NA,292.2124231,0.39867224,0.188270765,1.489845227,1.207160328,1.34,[1.21 : 1.49]
exposure,outcome,5102_55,eKortk,NA,rs2523708,0.080990948,0.016992219,0.017010709,1.88E-06,T,C,T,C,-0.6297,-0.051,0.2805,NA,FALSE,FALSE,FALSE,0.0107,2.02E-06,TRUE,reported,textfile,MICB,chr6,31483502,1.00E-200,0.006165,35441,TRUE,reported,textfile,2,1,TRUE,NA,6752.896496,0.114331938,0.047649958,1.121124207,1.048803466,1.08,[1.05 : 1.12]
exposure,outcome,18343_10,eKortk,NA,rs4984667,-0.149900067,0.032978015,0.033237482,5.48E-06,T,C,T,C,0.3002,-0.045,0.45759,NA,FALSE,FALSE,FALSE,0.0099,5.31E-06,TRUE,reported,textfile,DECR2,chr16,411697,1.00E-200,0.008301,35318,TRUE,reported,textfile,2,1,TRUE,NA,1653.878524,-0.084754601,-0.215045532,0.918737714,0.806504717,0.86,[0.81 : 0.92]
exposure,outcome,7787_25,eKortk,NA,rs651279,-0.124026696,0.027808676,0.027912807,8.20E-06,T,C,T,C,0.3596,-0.0446,0.70872,NA,FALSE,FALSE,FALSE,0.01,7.64E-06,TRUE,reported,textfile,LILRA5,chr19,54302487,1.00E-200,0.006984,35367,TRUE,reported,textfile,2,1,TRUE,NA,1994.605431,-0.069317596,-0.178735797,0.933030307,0.83632683,0.88,[0.84 : 0.93]
exposure,outcome,5069_9,eKortk,NA,rs61822669,-0.106141199,0.026353965,0.026421398,5.64E-05,A,G,A,G,-0.4136,0.0439,0.2592,NA,FALSE,FALSE,FALSE,0.0109,5.34E-05,TRUE,reported,textfile,CD55,chr1,207247869,1.00E-200,0.007351,35375,TRUE,reported,textfile,2,1,TRUE,NA,2487.195228,-0.05435526,-0.157927138,0.947095582,0.853911997,0.9,[0.85 : 0.95]
exposure,outcome,3024_18,eKortk,NA,rs11078596,-0.295480881,0.073580533,0.075493769,5.93E-05,T,C,T,C,-0.1726,0.051,0.21819,NA,FALSE,FALSE,FALSE,0.0127,6.10E-05,TRUE,reported,textfile,SERPINF2,chr17,1714968,1.51E-68,0.009865,35352,TRUE,reported,textfile,2,1,TRUE,NA,362.9724312,-0.147513093,-0.443448668,0.862851141,0.641819179,0.74,[0.64 : 0.86]
exposure,outcome,10714_7,eKortk,NA,rs3730025,-0.128976572,0.032141389,0.032335363,6.00E-05,G,A,G,A,-1.2165,0.1569,0.01534,NA,FALSE,FALSE,FALSE,0.0391,6.03E-05,TRUE,reported,textfile,ACE,chr17,63480412,1.00E-200,0.033356,35358,TRUE,reported,textfile,2,1,TRUE,NA,1654.595946,-0.065599261,-0.192353883,0.936506083,0.825014858,0.88,[0.83 : 0.94]
exposure,outcome,15513_108,eKortk,NA,rs55667375,-0.67839196,0.177554439,0.205134768,0.000133044,T,C,T,C,0.0597,-0.0405,0.28217,NA,FALSE,FALSE,FALSE,0.0106,0.0001307,TRUE,reported,textfile,PRSS8,chr16,31144137,4.02E-11,0.009041,35367,TRUE,reported,textfile,2,1,TRUE,NA,51.13429311,-0.276327814,-1.080456105,0.758564222,0.33944067,0.51,[0.34 : 0.76]
exposure,outcome,11278_4,eKortk,NA,rs144092339,0.109044369,0.029180887,0.029615287,0.000186346,T,C,T,C,0.586,0.0639,0.02268,NA,FALSE,FALSE,FALSE,0.0171,0.0001886,TRUE,reported,textfile,COL11A2,chr6,33192440,3.00E-103,0.027159,35427,TRUE,reported,textfile,2,1,TRUE,NA,547.6172257,0.167090332,0.050998406,1.18186102,1.052321215,1.12,[1.05 : 1.18]
exposure,outcome,3169_70,eKortk,NA,rs11248061,0.087080657,0.023316679,0.023349529,0.000187944,A,C,A,C,0.4203,0.0366,0.47541,NA,FALSE,FALSE,FALSE,0.0098,0.0001961,TRUE,reported,textfile,IDUA,chr4,987108,1.00E-200,0.005976,35271,TRUE,reported,textfile,2,1,TRUE,NA,3407.916444,0.132845734,0.04131558,1.142073801,1.042180945,1.09,[1.04 : 1.14]
exposure,outcome,17224_12,eKortk,NA,rs9299404,-0.09689026,0.025957337,0.026008952,0.000189458,A,G,A,G,0.3891,-0.0377,0.41259,NA,FALSE,FALSE,FALSE,0.0101,0.0001864,TRUE,reported,textfile,OGN,chr9,92408056,1.00E-200,0.006577,35359,TRUE,reported,textfile,2,1,TRUE,NA,2800.199567,-0.045912714,-0.147867805,0.955125328,0.862545131,0.91,[0.86 : 0.96]
exposure,outcome,9335_28,eKortk,NA,rs150037800,-0.360127253,0.100530223,0.103601245,0.00034061,T,G,T,G,0.4715,-0.1698,0.01386,NA,FALSE,FALSE,FALSE,0.0474,0.0003422,TRUE,reported,textfile,PSG9,chr19,43266733,6.59E-47,0.032781,35365,TRUE,reported,textfile,2,1,TRUE,NA,216.2178737,-0.157068813,-0.563185694,0.854645246,0.569392262,0.7,[0.57 : 0.85]
exposure,outcome,8794_13,eKortk,NA,rs258341,0.074296358,0.020902318,0.020925723,0.000378763,C,T,C,T,0.4832,0.0359,0.63812,NA,FALSE,FALSE,FALSE,0.0101,0.0003856,TRUE,reported,textfile,DPEP1,chr16,89624734,1.00E-200,0.006435,35321,TRUE,reported,textfile,2,1,TRUE,NA,4268.869902,0.115310775,0.033281941,1.122222142,1.03384198,1.08,[1.03 : 1.12]
exposure,outcome,3007_7,eKortk,NA,rs2075803,0.027534113,0.007797271,0.007797938,0.000413601,G,A,G,A,-1.2312,-0.0339,0.52132,NA,FALSE,FALSE,FALSE,0.0096,0.0004255,TRUE,reported,textfile,SIGLEC9,chr19,51125272,1.00E-200,0.004559,35371,TRUE,reported,textfile,2,1,TRUE,NA,109912.6115,0.042818071,0.012250156,1.043747989,1.012325496,1.03,[1.01 : 1.04]
exposure,outcome,4535_50,eKortk,NA,rs140592625,-0.3299389,0.094297352,0.096598759,0.000467147,C,T,C,T,0.491,-0.162,0.01667,NA,FALSE,FALSE,FALSE,0.0463,0.0004678,TRUE,reported,textfile,BST1,chr4,15703040,7.86E-56,0.031192,35365,TRUE,reported,textfile,2,1,TRUE,NA,140.857781,-0.140605332,-0.519272468,0.868832144,0.594953238,0.72,[0.59 : 0.87]
exposure,outcome,3079_62,eKortk,NA,rs883138,-0.149739061,0.043356082,0.043711794,0.000552945,C,A,C,A,0.2491,-0.0373,0.26058,NA,FALSE,FALSE,FALSE,0.0108,0.0005762,TRUE,reported,textfile,RARRES2,chr7,150345704,1.92E-159,0.009258,35371,TRUE,reported,textfile,2,1,TRUE,NA,866.4497482,-0.064063944,-0.235414178,0.937945022,0.790243481,0.86,[0.79 : 0.94]
exposure,outcome,4469_78,eKortk,NA,rs6588740,0.359675785,0.105369807,0.11050213,0.000641432,T,C,T,C,0.0987,0.0355,0.72631,NA,FALSE,FALSE,FALSE,0.0104,0.000633,TRUE,reported,textfile,CHST15,chr10,124095824,3.25E-27,0.009134,35375,TRUE,reported,textfile,2,1,TRUE,NA,137.5315786,0.57625996,0.143091611,1.779371051,1.153835501,1.43,[1.15 : 1.78]
exposure,outcome,9964_10,eKortk,NA,rs4774967,0.497206704,0.146648045,0.157240053,0.000697713,T,G,T,G,0.0716,0.0356,0.34582,NA,FALSE,FALSE,FALSE,0.0105,0.0006995,TRUE,reported,textfile,MYZAP,chr15,57563562,1.89E-18,0.00817,35359,TRUE,reported,textfile,2,1,TRUE,NA,82.20294084,0.805397209,0.189016199,2.23758511,1.208060522,1.64,[1.21 : 2.24]
exposure,outcome,16616_137,eKortk,NA,rs238238,0.102115915,0.030972094,0.031054436,0.000977132,G,A,G,A,-0.3261,-0.0333,0.66929,NA,FALSE,FALSE,FALSE,0.0101,0.0009883,TRUE,reported,textfile,ENO3,chr17,4953081,1.00E-200,0.007217,35381,TRUE,reported,textfile,2,1,TRUE,NA,1747.753715,0.162982611,0.04124922,1.177016222,1.042111788,1.11,[1.04 : 1.18]
exposure,outcome,17697_2,eKortk,NA,rs145234879,-0.297343827,0.092228234,0.097556201,0.001264134,A,C,A,C,0.4066,-0.1209,0.00891,NA,FALSE,FALSE,FALSE,0.0375,0.001274,TRUE,reported,textfile,OVCA2,chr17,2042060,8.71E-21,0.043483,35360,TRUE,reported,textfile,2,1,TRUE,NA,103.5411893,-0.106133673,-0.488553981,0.899304427,0.613512905,0.74,[0.61 : 0.9]
exposure,outcome,2831_29,eKortk,NA,rs62117662,-0.184601925,0.057742782,0.05844956,0.001388795,A,G,A,G,0.2286,-0.0422,0.19907,NA,FALSE,FALSE,FALSE,0.0132,0.001363,TRUE,reported,textfile,KLK11,chr19,51026121,3.09E-92,0.011222,35363,TRUE,reported,textfile,2,1,TRUE,NA,599.2464709,-0.070040787,-0.299163063,0.932355791,0.741438499,0.83,[0.74 : 0.93]
exposure,outcome,2855_49,eKortk,NA,rs3809627,0.139705882,0.044577206,0.044884607,0.001724287,A,C,A,C,0.2176,0.0304,0.42241,NA,FALSE,FALSE,FALSE,0.0097,0.001731,TRUE,reported,textfile,MAPK3,chr16,30091839,2.34E-156,0.008168,35372,TRUE,reported,textfile,2,1,TRUE,NA,836.5438383,0.227679712,0.051732053,1.255683081,1.053093531,1.15,[1.05 : 1.26]
exposure,outcome,4297_62,eKortk,NA,rs2970332,-0.504573171,0.161585366,0.177389893,0.001792359,A,G,A,G,-0.0656,0.0331,0.73964,NA,FALSE,FALSE,FALSE,0.0106,0.001761,TRUE,reported,textfile,SPON1,chr11,14338889,5.44E-12,0.009516,35369,TRUE,reported,textfile,2,1,TRUE,NA,58.71525546,-0.156888981,-0.85225736,0.854798952,0.426451191,0.6,[0.43 : 0.85]
exposure,outcome,15395_15,eKortk,NA,rs4147563,-0.124068452,0.039746067,0.039784044,0.001799153,T,C,T,C,0.7246,-0.0899,0.10879,NA,FALSE,FALSE,FALSE,0.0288,0.001799,TRUE,reported,textfile,GSTM1,chr1,109687481,1.00E-200,0.01015,35343,TRUE,reported,textfile,2,1,TRUE,NA,4005.96265,-0.046091725,-0.202045178,0.954954365,0.817058014,0.88,[0.82 : 0.95]
exposure,outcome,3171_57,eKortk,NA,rs439826,-0.396662388,0.129653402,0.137154937,0.002217764,G,T,G,T,-0.0779,0.0309,0.68291,NA,FALSE,FALSE,FALSE,0.0101,0.002309,TRUE,reported,textfile,APP,chr21,26156328,7.57E-19,0.008786,35366,TRUE,reported,textfile,2,1,TRUE,NA,93.18697343,-0.127838712,-0.665486063,0.8799953,0.514023619,0.67,[0.51 : 0.88]
exposure,outcome,11649_3,eKortk,NA,rs2842061,0.09742476,0.031957803,0.032080549,0.002299535,A,G,A,G,-0.3223,-0.0314,0.25515,NA,FALSE,FALSE,FALSE,0.0103,0.002247,TRUE,reported,textfile,SMAP1,chr6,70634174,1.00E-200,0.009275,35323,TRUE,reported,textfile,2,1,TRUE,NA,1451.921499,0.160302635,0.034546884,1.173866071,1.035150559,1.1,[1.04 : 1.17]
exposure,outcome,2741_22,eKortk,NA,rs62617068,0.176458157,0.058326289,0.05861532,0.002483354,A,C,A,C,-0.9464,-0.167,0.01818,NA,FALSE,FALSE,FALSE,0.0552,0.002467,TRUE,reported,textfile,SIGLEC6,chr19,51531295,1.00E-200,0.031181,35385,TRUE,reported,textfile,2,1,TRUE,NA,1168.727101,0.291344185,0.061572129,1.338225102,1.063507204,1.19,[1.06 : 1.34]
exposure,outcome,5231_79,eKortk,NA,rs472495,-0.186462324,0.063218391,0.064045772,0.003182938,T,G,T,G,0.1566,-0.0292,0.64272,NA,FALSE,FALSE,FALSE,0.0099,0.003229,TRUE,reported,textfile,PCSK9,chr1,55055640,8.88E-74,0.008618,35364,TRUE,reported,textfile,2,1,TRUE,NA,402.8097278,-0.060932612,-0.311992037,0.940886642,0.731987357,0.83,[0.73 : 0.94]
exposure,outcome,4546_27,eKortk,NA,rs8112061,-0.436046512,0.150193798,0.154500136,0.003693402,G,A,G,A,-0.1032,0.045,0.52685,NA,FALSE,FALSE,FALSE,0.0155,0.003693,TRUE,reported,textfile,ADGRE2,chr19,14770704,2.27E-33,0.008573,35377,TRUE,reported,textfile,2,1,TRUE,NA,188.835574,-0.133226245,-0.738866778,0.875267045,0.477654898,0.65,[0.48 : 0.88]
exposure,outcome,13580_2,eKortk,NA,rs2048335,-0.617424242,0.214015152,0.23902093,0.003914687,G,A,G,A,0.0528,-0.0326,0.7558,NA,FALSE,FALSE,FALSE,0.0113,0.003857,TRUE,reported,textfile,UAP1,chr1,162606415,6.61E-09,0.009102,35352,TRUE,reported,textfile,2,1,TRUE,NA,36.41555734,-0.14894322,-1.085905265,0.861618037,0.337596034,0.54,[0.34 : 0.86]
exposure,outcome,3038_9,eKortk,NA,rs10021313,-0.148436666,0.052609113,0.057852929,0.004779949,C,T,C,T,0.9371,-0.1391,0.00084,NA,FALSE,FALSE,FALSE,0.0493,0.004757,TRUE,reported,textfile,CXCL11,chr4,76036090,6.94E-10,0.151941,35355,TRUE,reported,textfile,2,1,TRUE,NA,52.18949806,-0.035044926,-0.261828407,0.965562036,0.769643078,0.86,[0.77 : 0.97]
exposure,outcome,12573_80,eKortk,NA,rs35717222,-0.272988506,0.096982759,0.099193877,0.004880535,A,G,A,G,-0.1392,0.038,0.18311,NA,FALSE,FALSE,FALSE,0.0135,0.005021,TRUE,reported,textfile,TRIM3,chr11,6462533,2.97E-39,0.01062,35370,TRUE,reported,textfile,2,1,TRUE,NA,206.2146091,-0.078568507,-0.467408505,0.924438727,0.626624059,0.76,[0.63 : 0.92]
exposure,outcome,3311_27,eKortk,NA,rs4379692,-0.457943925,0.163551402,0.17506879,0.005110261,T,C,T,C,-0.0642,0.0294,0.36855,NA,FALSE,FALSE,FALSE,0.0105,0.005051,TRUE,reported,textfile,FCGR3B,chr1,161216523,2.25E-13,0.008755,35364,TRUE,reported,textfile,2,1,TRUE,NA,67.96826724,-0.114809097,-0.801078753,0.891536325,0.44884451,0.63,[0.45 : 0.89]
exposure,outcome,15509_2,eKortk,NA,rs112629880,0.041024083,0.014662311,0.014666517,0.005143166,T,C,T,C,1.3163,0.054,0.03648,NA,FALSE,FALSE,FALSE,0.0193,0.005123,TRUE,reported,textfile,NAGLU,chr17,42463743,1.00E-200,0.011269,35382,TRUE,reported,textfile,2,1,TRUE,NA,4907.053938,0.069770456,0.01227771,1.072262021,1.01235339,1.04,[1.01 : 1.07]
exposure,outcome,13116_25,eKortk,NA,rs111712264,0.179245283,0.0643531,0.065250063,0.005347157,G,T,G,T,-0.2968,-0.0532,0.06578,NA,FALSE,FALSE,FALSE,0.0191,0.005281,TRUE,reported,textfile,CD177,chr19,43343853,4.62E-62,0.017853,35351,TRUE,reported,textfile,2,1,TRUE,NA,193.4475953,0.307135406,0.05135516,1.359525043,1.052696703,1.2,[1.05 : 1.36]
exposure,outcome,15481_45,eKortk,NA,rs55771110,-0.320183486,0.11559633,0.120471578,0.005608362,A,G,A,G,0.109,-0.0349,0.14938,NA,FALSE,FALSE,FALSE,0.0126,0.005459,TRUE,reported,textfile,CAMP,chr3,47305227,3.81E-21,0.011549,35343,TRUE,reported,textfile,2,1,TRUE,NA,107.0294106,-0.084059194,-0.556307779,0.919376833,0.573321992,0.73,[0.57 : 0.92]
exposure,outcome,12338_27,eKortk,NA,rs2589775,0.192972672,0.069715561,0.070705175,0.005640146,G,A,G,A,-0.1793,-0.0346,0.18933,NA,FALSE,FALSE,FALSE,0.0125,0.005448,TRUE,reported,textfile,EGFLAM,chr5,38381304,3.10E-60,0.010953,35364,TRUE,reported,textfile,2,1,TRUE,NA,352.4504613,0.331554814,0.054390529,1.393132508,1.05589688,1.21,[1.06 : 1.39]
exposure,outcome,4459_68,eKortk,NA,rs236910,-0.0359421,0.013125613,0.013128246,0.006175438,G,A,G,A,-0.8152,0.0293,0.27683,NA,FALSE,FALSE,FALSE,0.0107,0.006237,TRUE,reported,textfile,PCSK7,chr11,117211258,1.00E-200,0.005963,35378,TRUE,reported,textfile,2,1,TRUE,NA,12825.42517,-0.010210738,-0.061673463,0.989841215,0.940189844,0.96,[0.94 : 0.99]
exposure,outcome,6919_3,eKortk,NA,rs2461286,0.039733297,0.014559804,0.014564072,0.006353211,G,A,G,A,-0.7349,-0.0292,0.67756,NA,FALSE,FALSE,FALSE,0.0107,0.006251,TRUE,reported,textfile,HBZ,chr16,153255,1.00E-200,0.006521,35315,TRUE,reported,textfile,2,1,TRUE,NA,10907.25608,0.068278878,0.011187716,1.070663852,1.011250532,1.04,[1.01 : 1.07]
exposure,outcome,6379_62,eKortk,NA,rs62574238,0.877764843,0.327124563,0.347618771,0.007290523,A,G,A,G,0.0859,0.0754,0.15981,NA,FALSE,FALSE,FALSE,0.0281,0.007377,TRUE,reported,textfile,ADAMTSL2,chr9,133574956,8.37E-14,0.011508,35364,TRUE,reported,textfile,2,1,TRUE,NA,70.20952235,1.559097635,0.196432051,4.754528988,1.21705262,2.41,[1.22 : 4.75]
exposure,outcome,3431_54,eKortk,NA,rs4725617,0.032901296,0.012462612,0.0124658,0.008290603,G,A,G,A,1.2036,0.0396,0.89903,NA,FALSE,FALSE,FALSE,0.015,0.008505,TRUE,reported,textfile,EPHA1,chr7,143400007,1.00E-200,0.010313,35372,TRUE,reported,textfile,2,1,TRUE,NA,12622.0618,0.057334265,0.008468328,1.059009741,1.008504285,1.03,[1.01 : 1.06]
exposure,outcome,16300_4,eKortk,NA,rs143332484,-0.127267672,0.0483075,0.048450081,0.008425327,T,C,T,C,-1.4387,0.1831,0.00868,NA,FALSE,FALSE,FALSE,0.0695,0.008415,TRUE,reported,textfile,TREM2,chr6,41161469,1.00E-200,0.041988,35366,TRUE,reported,textfile,2,1,TRUE,NA,1306.223938,-0.032305514,-0.22222983,0.968210735,0.800731311,0.88,[0.8 : 0.97]
exposure,outcome,5638_23,eKortk,NA,rs4808666,-0.196862745,0.075294118,0.076364804,0.008933636,T,C,T,C,-0.1275,0.0251,0.44648,NA,FALSE,FALSE,FALSE,0.0096,0.008731,TRUE,reported,textfile,COLGALT1,chr19,17557324,7.60E-54,0.008253,35344,TRUE,reported,textfile,2,1,TRUE,NA,286.2730495,-0.047187728,-0.346537762,0.953908305,0.707132116,0.82,[0.71 : 0.95]
exposure,outcome,4294_16,eKortk,NA,rs12939873,-0.435430464,0.167218543,0.178809931,0.00921534,C,T,C,T,0.0604,-0.0263,0.67598,NA,FALSE,FALSE,FALSE,0.0101,0.009246,TRUE,reported,textfile,SPHK1,chr17,76464066,6.20E-12,0.008785,35378,TRUE,reported,textfile,2,1,TRUE,NA,56.6256073,-0.084962999,-0.785897928,0.918546271,0.455710323,0.65,[0.46 : 0.92]
exposure,outcome,6425_87,eKortk,NA,rs7296597,-0.274280137,0.106393363,0.10968884,0.009937927,G,A,G,A,0.2049,-0.0562,0.95285,NA,FALSE,FALSE,FALSE,0.0218,0.009877,TRUE,reported,textfile,MMP19,chr12,55848171,8.80E-25,0.019935,35372,TRUE,reported,textfile,2,1,TRUE,NA,133.9357911,-0.059290011,-0.489270262,0.942433413,0.613073614,0.76,[0.61 : 0.94]
exposure,outcome,3622_33,eKortk,NA,rs2236264,-0.203144654,0.079245283,0.080589359,0.010362507,T,C,T,C,-0.159,0.0323,0.15307,NA,FALSE,FALSE,FALSE,0.0126,0.01019,TRUE,reported,textfile,LGMN,chr14,92732735,1.11E-43,0.011472,35362,TRUE,reported,textfile,2,1,TRUE,NA,233.3083056,-0.04518951,-0.361099798,0.955816328,0.696909445,0.82,[0.7 : 0.96]
exposure,outcome,9017_58,eKortk,NA,rs4988235,-0.024420372,0.009692132,0.009693493,0.011748564,A,G,A,G,1.0524,-0.0257,0.8293,NA,FALSE,FALSE,FALSE,0.0102,0.01155,TRUE,reported,textfile,LCT,chr2,135851076,1.00E-200,0.006999,35391,TRUE,reported,textfile,2,1,TRUE,NA,16166.27536,-0.005421126,-0.043419619,0.994593541,0.957509517,0.98,[0.96 : 0.99]
exposure,outcome,14271_23,eKortk,NA,rs10212397,-0.118345462,0.047108388,0.047351334,0.011998273,A,G,A,G,-0.2611,0.0309,0.17565,NA,FALSE,FALSE,FALSE,0.0123,0.01204,TRUE,reported,textfile,RAB6B,chr3,133888296,9.44E-135,0.010569,35358,TRUE,reported,textfile,2,1,TRUE,NA,712.0762733,-0.025536847,-0.211154076,0.974786461,0.80964931,0.89,[0.81 : 0.97]
exposure,outcome,10977_55,eKortk,NA,rs533555,0.167294244,0.067240452,0.067859232,0.012846373,T,C,T,C,0.1859,0.0311,0.79524,NA,FALSE,FALSE,FALSE,0.0125,0.01271,TRUE,reported,textfile,UCMA,chr10,13263560,8.79E-75,0.01016,35364,TRUE,reported,textfile,2,1,TRUE,NA,402.5172342,0.300298339,0.03429015,1.350261583,1.034884835,1.18,[1.03 : 1.35]
exposure,outcome,16908_5,eKortk,NA,rs12449302,-0.441743504,0.177703269,0.182340396,0.012924277,C,T,C,T,-0.1193,0.0527,0.16538,NA,FALSE,FALSE,FALSE,0.0212,0.01292,TRUE,reported,textfile,OMG,chr17,31084555,3.04E-27,0.011035,35361,TRUE,reported,textfile,2,1,TRUE,NA,139.4737053,-0.084356328,-0.799130679,0.919103695,0.449719745,0.64,[0.45 : 0.92]
exposure,outcome,5749_53,eKortk,NA,rs3748050,0.147705236,0.059469942,0.05964313,0.013002688,C,T,C,T,0.3094,0.0457,0.26613,NA,FALSE,FALSE,FALSE,0.0184,0.013,TRUE,reported,textfile,CLPS,chr6,35797291,1.00E-200,0.009514,35351,TRUE,reported,textfile,2,1,TRUE,NA,1373.129313,0.264605771,0.030804701,1.302917226,1.031284076,1.16,[1.03 : 1.3]
exposure,outcome,4535_50,eKortk,NA,rs7683000,-0.023836469,0.009619465,0.009619941,0.013214293,G,A,G,A,-1.4138,0.0337,0.14495,NA,FALSE,FALSE,FALSE,0.0136,0.01292,TRUE,reported,textfile,BST1,chr4,15645451,1.00E-200,0.005677,35365,TRUE,reported,textfile,2,1,TRUE,NA,17363.36354,-0.004981384,-0.042691554,0.995031003,0.958206899,0.98,[0.96 : 1]
exposure,outcome,8097_77,eKortk,NA,rs10509554,0.033453423,0.013510036,0.013512188,0.013279271,T,C,T,C,0.7772,0.026,0.32389,NA,FALSE,FALSE,FALSE,0.0105,0.0134,TRUE,reported,textfile,LIPN,chr10,88766035,1.00E-200,0.005602,35357,TRUE,reported,textfile,2,1,TRUE,NA,12717.71661,0.05993731,0.006969535,1.061769983,1.006993878,1.03,[1.01 : 1.06]
exposure,outcome,5740_17,eKortk,NA,rs12495133,-0.480961924,0.194388778,0.210929368,0.01335249,A,C,A,C,0.0499,-0.024,0.40884,NA,FALSE,FALSE,FALSE,0.0097,0.01366,TRUE,reported,textfile,ROBO1,chr3,78872370,4.26E-09,0.008495,35345,TRUE,reported,textfile,2,1,TRUE,NA,42.59081574,-0.067540362,-0.894383486,0.934689994,0.408859589,0.62,[0.41 : 0.93]
exposure,outcome,9350_3,eKortk,NA,rs17683306,-0.425396825,0.172486772,0.183685786,0.013653308,T,C,T,C,-0.0945,0.0402,0.08905,NA,FALSE,FALSE,FALSE,0.0163,0.01398,TRUE,reported,textfile,FSTL4,chr5,133316589,1.63E-11,0.01403,35349,TRUE,reported,textfile,2,1,TRUE,NA,51.28664837,-0.065372685,-0.785420965,0.936718297,0.455927732,0.65,[0.46 : 0.94]
exposure,outcome,3173_49,eKortk,NA,rs4859571,0.04151348,0.01685049,0.016855947,0.013753557,T,C,T,C,-0.6528,-0.0271,0.19647,NA,FALSE,FALSE,FALSE,0.011,0.01339,TRUE,reported,textfile,NAAA,chr4,75936156,1.00E-200,0.006744,35355,TRUE,reported,textfile,2,1,TRUE,NA,5496.341202,0.074551137,0.008475824,1.077400437,1.008511846,1.04,[1.01 : 1.08]
exposure,outcome,9282_12,eKortk,NA,rs36069724,-0.069618451,0.02840262,0.02842911,0.014240937,G,A,G,A,-1.4048,0.0978,0.01081,NA,FALSE,FALSE,FALSE,0.0399,0.01424,TRUE,reported,textfile,CRISP2,chr6,49695854,1.00E-200,0.024759,35372,TRUE,reported,textfile,2,1,TRUE,NA,1558.572181,-0.013897395,-0.125339507,0.986198728,0.882197339,0.93,[0.88 : 0.99]
exposure,outcome,15472_16,eKortk,NA,rs60226016,0.155610012,0.063539296,0.064066437,0.014323921,C,T,C,T,1.1426,0.1778,0.0044,NA,FALSE,FALSE,FALSE,0.0726,0.01432,TRUE,reported,textfile,LRP11,chr6,149860466,2.85E-80,0.060222,35379,TRUE,reported,textfile,2,1,TRUE,NA,409.3296057,0.281180229,0.030039795,1.324692331,1.030495542,1.17,[1.03 : 1.32]
exposure,outcome,3448_13,eKortk,NA,rs1799815,0.339153794,0.139691068,0.146147121,0.015187174,A,G,A,G,-0.1489,-0.0505,0.0521,NA,FALSE,FALSE,FALSE,0.0208,0.01533,TRUE,reported,textfile,INSR,chr19,7125508,2.90E-15,0.01886,35373,TRUE,reported,textfile,2,1,TRUE,NA,77.62812029,0.625602151,0.052705438,1.869371263,1.054119095,1.4,[1.05 : 1.87]
exposure,outcome,13717_15,eKortk,NA,rs57464688,0.084245077,0.034828592,0.034922791,0.015569738,A,C,A,C,-0.5484,-0.0462,0.07547,NA,FALSE,FALSE,FALSE,0.0191,0.01581,TRUE,reported,textfile,FCN2,chr9,134858932,1.00E-200,0.016686,35339,TRUE,reported,textfile,2,1,TRUE,NA,1547.996568,0.152693747,0.015796406,1.16496815,1.015921829,1.09,[1.02 : 1.16]
exposure,outcome,19372_7,eKortk,NA,rs117071810,0.070763088,0.029392192,0.029409644,0.016060087,A,C,A,C,0.9016,0.0638,0.05238,NA,FALSE,FALSE,FALSE,0.0265,0.01622,TRUE,reported,textfile,MDGA2,chr14,47667883,1.00E-200,0.012907,35362,TRUE,reported,textfile,2,1,TRUE,NA,3103.924178,0.128405989,0.013120186,1.137014525,1.013206634,1.07,[1.01 : 1.14]
exposure,outcome,5736_1,eKortk,NA,rs17643398,0.125349922,0.052255054,0.05258309,0.016448468,T,G,T,G,-0.3215,-0.0403,0.09221,NA,FALSE,FALSE,FALSE,0.0168,0.01661,TRUE,reported,textfile,TREML2,chr6,41201941,2.26E-101,0.015041,35371,TRUE,reported,textfile,2,1,TRUE,NA,622.8150741,0.228412778,0.022287067,1.256603916,1.022537279,1.13,[1.02 : 1.26]
exposure,outcome,12558_3,eKortk,NA,rs11218735,-0.203007519,0.084962406,0.086071186,0.016876812,A,G,A,G,-0.133,0.027,0.2852,NA,FALSE,FALSE,FALSE,0.0113,0.01704,TRUE,reported,textfile,UBASH3B,chr11,122652542,3.48E-49,0.009022,35369,TRUE,reported,textfile,2,1,TRUE,NA,256.9266358,-0.034307995,-0.371707042,0.966273851,0.689556224,0.82,[0.69 : 0.97]
exposure,outcome,7849_3,eKortk,NA,rs4384764,-0.117860381,0.049864007,0.050105368,0.018096565,A,G,A,G,0.2206,-0.026,0.28728,NA,FALSE,FALSE,FALSE,0.011,0.01858,TRUE,reported,textfile,QPCT,chr2,37363141,3.19E-127,0.009194,35362,TRUE,reported,textfile,2,1,TRUE,NA,718.9847148,-0.019653859,-0.216066902,0.980538019,0.805681398,0.89,[0.81 : 0.98]
exposure,outcome,15387_44,eKortk,NA,rs16837641,-0.212947189,0.090289608,0.091765172,0.018349426,A,G,A,G,0.1174,-0.025,0.30972,NA,FALSE,FALSE,FALSE,0.0106,0.01857,TRUE,reported,textfile,NRP2,chr2,205770145,1.36E-38,0.009036,35354,TRUE,reported,textfile,2,1,TRUE,NA,209.5760888,-0.033087452,-0.392806926,0.96745395,0.675159091,0.81,[0.68 : 0.97]
exposure,outcome,3484_60,eKortk,NA,rs2071404,-0.126262626,0.054112554,0.054467794,0.019630657,A,C,A,C,0.2772,-0.035,0.09293,NA,FALSE,FALSE,FALSE,0.015,0.02015,TRUE,reported,textfile,AGT,chr1,230715194,6.87E-92,0.013635,35364,TRUE,reported,textfile,2,1,TRUE,NA,464.101249,-0.019505749,-0.233019503,0.980683257,0.792138124,0.88,[0.79 : 0.98]
exposure,outcome,19614_8,eKortk,NA,rs34324219,0.075915695,0.032739922,0.032804422,0.020408596,A,C,A,C,-0.4887,-0.0371,0.10898,NA,FALSE,FALSE,FALSE,0.016,0.02069,TRUE,reported,textfile,TCN1,chr11,59855905,1.00E-200,0.013236,35365,TRUE,reported,textfile,2,1,TRUE,NA,1719.980663,0.140212361,0.011619028,1.150518099,1.011686791,1.08,[1.01 : 1.15]
exposure,outcome,9339_204,eKortk,NA,rs4672,-0.492974239,0.213114754,0.228101863,0.02071237,A,G,A,G,-0.0854,0.0421,0.0878,NA,FALSE,FALSE,FALSE,0.0182,0.02088,TRUE,reported,textfile,FKBP2,chr11,64242407,1.34E-09,0.014087,35365,TRUE,reported,textfile,2,1,TRUE,NA,41.36062346,-0.045894586,-0.940053891,0.955142642,0.390606784,0.61,[0.39 : 0.96]
exposure,outcome,7935_26,eKortk,NA,rs3210587,0.204424779,0.088495575,0.089831849,0.020888154,A,G,A,G,0.113,0.0231,0.34409,NA,FALSE,FALSE,FALSE,0.01,0.02128,TRUE,reported,textfile,LARGE1,chr22,33920089,4.93E-40,0.008533,35367,TRUE,reported,textfile,2,1,TRUE,NA,205.0157582,0.380495203,0.028354354,1.463008897,1.028760165,1.23,[1.03 : 1.46]
exposure,outcome,12008_3,eKortk,NA,rs3176831,0.130812013,0.0567297,0.057014829,0.021117207,T,C,T,C,-0.4495,-0.0588,0.04122,NA,FALSE,FALSE,FALSE,0.0255,0.02135,TRUE,reported,textfile,CD7,chr17,82314615,9.29E-117,0.019569,35011,TRUE,reported,textfile,2,1,TRUE,NA,568.1825527,0.242561079,0.019062948,1.274509093,1.019245806,1.14,[1.02 : 1.27]
exposure,outcome,3331_8,eKortk,NA,rs61048056,-0.153792135,0.066713483,0.06730599,0.02115184,G,A,G,A,0.1424,-0.0219,0.56042,NA,FALSE,FALSE,FALSE,0.0095,0.02148,TRUE,reported,textfile,RGMB,chr5,98439496,9.82E-67,0.008251,35344,TRUE,reported,textfile,2,1,TRUE,NA,356.6591987,-0.021872394,-0.285711876,0.978365072,0.751479104,0.86,[0.75 : 0.98]
exposure,outcome,5688_65,eKortk,NA,rs6024417,-0.157244964,0.068226121,0.068847405,0.021179912,G,A,G,A,-0.1539,0.0242,0.29741,NA,FALSE,FALSE,FALSE,0.0105,0.0209,TRUE,reported,textfile,CBLN4,chr20,55794632,4.16E-65,0.009032,35388,TRUE,reported,textfile,2,1,TRUE,NA,353.7663127,-0.02230405,-0.292185879,0.977942847,0.74662974,0.85,[0.75 : 0.98]
exposure,outcome,5852_6,eKortk,NA,rs3795391,0.215522388,0.093731343,0.095317486,0.021484332,C,T,C,T,0.1675,0.0361,0.10768,NA,FALSE,FALSE,FALSE,0.0157,0.02108,TRUE,reported,textfile,S100A12,chr1,153390629,1.47E-35,0.013458,35362,TRUE,reported,textfile,2,1,TRUE,NA,191.6793876,0.40234466,0.028700116,1.495326624,1.029115933,1.24,[1.03 : 1.5]
exposure,outcome,18880_81,eKortk,NA,rs4666769,-0.4375,0.19140625,0.204491055,0.022270979,A,C,A,C,0.0512,-0.0224,0.56458,NA,FALSE,FALSE,FALSE,0.0098,0.02248,TRUE,reported,textfile,COL3A1,chr2,189016340,1.21E-09,0.008423,35364,TRUE,reported,textfile,2,1,TRUE,NA,45.63527832,-0.036697533,-0.838302467,0.96396766,0.432443988,0.65,[0.43 : 0.96]
exposure,outcome,13943_38,eKortk,NA,rs221205,0.365781711,0.16027532,0.166268683,0.022477028,C,T,C,T,-0.1017,-0.0372,0.88482,NA,FALSE,FALSE,FALSE,0.0163,0.02207,TRUE,reported,textfile,DPY30,chr2,31861868,1.36E-16,0.0123,35363,TRUE,reported,textfile,2,1,TRUE,NA,74.70419221,0.691668329,0.039895093,1.997044482,1.040701592,1.44,[1.04 : 2]
exposure,outcome,12459_13,eKortk,NA,rs10788274,0.077659574,0.034042553,0.034113749,0.022533658,A,G,A,G,-0.282,-0.0219,0.5663,NA,FALSE,FALSE,FALSE,0.0096,0.02285,TRUE,reported,textfile,PLEKHA1,chr10,122301287,1.00E-200,0.007999,35372,TRUE,reported,textfile,2,1,TRUE,NA,1437.819215,0.144522523,0.010796626,1.15548772,1.010855119,1.08,[1.01 : 1.16]
exposure,outcome,13463_1,eKortk,NA,rs73182757,-0.162235855,0.071574642,0.072277603,0.023410596,G,A,G,A,0.1467,-0.0238,0.28172,NA,FALSE,FALSE,FALSE,0.0105,0.02414,TRUE,reported,textfile,PXDN,chr2,1744125,1.47E-58,0.009093,35298,TRUE,reported,textfile,2,1,TRUE,NA,310.1175169,-0.020571753,-0.303899958,0.979638401,0.737934688,0.85,[0.74 : 0.98]
exposure,outcome,4126_22,eKortk,NA,rs142680289,0.083692972,0.036991369,0.037075071,0.023666529,C,T,C,T,-0.6488,-0.0543,0.05426,NA,FALSE,FALSE,FALSE,0.024,0.02369,TRUE,reported,textfile,BPI,chr20,38313235,1.00E-200,0.019302,35373,TRUE,reported,textfile,2,1,TRUE,NA,1597.093258,0.156360112,0.011025832,1.169247187,1.01108684,1.09,[1.01 : 1.17]
exposure,outcome,8973_23,eKortk,NA,rs11582663,-0.02359074,0.010514225,0.010515018,0.024851872,T,C,T,C,-1.1318,0.0267,0.17147,NA,FALSE,FALSE,FALSE,0.0119,0.02455,TRUE,reported,textfile,FCRL4,chr1,157589332,1.00E-200,0.006194,35366,TRUE,reported,textfile,2,1,TRUE,NA,20237.16351,-0.002981306,-0.044200175,0.997023134,0.956762418,0.98,[0.96 : 1]
exposure,outcome,3518_54,eKortk,NA,rs9534312,-0.044884755,0.020016175,0.02002546,0.024933966,C,T,C,T,0.4946,-0.0222,0.34021,NA,FALSE,FALSE,FALSE,0.0099,0.02538,TRUE,reported,textfile,CPB2,chr13,46076084,1.00E-200,0.006719,35361,TRUE,reported,textfile,2,1,TRUE,NA,4362.288131,-0.005634854,-0.084134657,0.994380992,0.919307457,0.96,[0.92 : 0.99]
exposure,outcome,5731_1,eKortk,NA,rs13179181,0.055673948,0.025572722,0.025590248,0.02947435,C,T,C,T,0.3754,0.0209,0.48851,NA,FALSE,FALSE,FALSE,0.0096,0.02858,TRUE,reported,textfile,SPINK6,chr5,148196423,1.00E-200,0.006385,35357,TRUE,reported,textfile,2,1,TRUE,NA,2678.52508,0.105830835,0.005517061,1.111633811,1.005532308,1.06,[1.01 : 1.11]
exposure,outcome,4564_2,eKortk,NA,rs115651556,0.035427677,0.016294774,0.01630076,0.029692057,A,G,A,G,-2.0436,-0.0724,0.01483,NA,FALSE,FALSE,FALSE,0.0333,0.02968,TRUE,reported,textfile,PLXNC1,chr12,94220122,1.00E-200,0.02548,35368,TRUE,reported,textfile,2,1,TRUE,NA,4915.655308,0.067377166,0.003478187,1.069698856,1.003484243,1.04,[1 : 1.07]
exposure,outcome,6433_57,eKortk,NA,rs573431210,0.58699296,0.270868253,0.276086392,0.030228815,G,T,G,T,0.2983,0.1751,0.02269,NA,FALSE,FALSE,FALSE,0.0808,0.03033,TRUE,reported,textfile,FAM20A,chr17,69280242,4.39E-28,0.027149,35371,TRUE,reported,textfile,2,1,TRUE,NA,140.1339686,1.128122289,0.045863631,3.089849206,1.046931632,1.8,[1.05 : 3.09]
exposure,outcome,14636_25,eKortk,NA,rs2447507,0.083233293,0.038415366,0.038513561,0.03026028,T,C,T,C,0.2499,0.0208,0.41987,NA,FALSE,FALSE,FALSE,0.0096,0.02957,TRUE,reported,textfile,RIDA,chr8,98114724,1.00E-200,0.008252,35352,TRUE,reported,textfile,2,1,TRUE,NA,1109.199873,0.158719874,0.007746713,1.17200959,1.007776796,1.09,[1.01 : 1.17]
exposure,outcome,17153_46,eKortk,NA,rs35861855,-0.039551929,0.018254737,0.018258344,0.03026028,T,C,T,C,0.7231,-0.0286,0.24105,NA,FALSE,FALSE,FALSE,0.0132,0.02986,TRUE,reported,textfile,KIR2DL3,chr19,54747356,1.00E-200,0.006635,35368,TRUE,reported,textfile,2,1,TRUE,NA,8366.678888,-0.003765575,-0.075338283,0.996241505,0.9274297,0.96,[0.93 : 1]
exposure,outcome,17677_47,eKortk,NA,rs3753436,-0.164508759,0.076161462,0.076805514,0.03077267,C,T,C,T,-0.1313,0.0216,0.46088,NA,FALSE,FALSE,FALSE,0.01,0.02995,TRUE,reported,textfile,CD160,chr1,145716953,1.09E-61,0.007922,35361,TRUE,reported,textfile,2,1,TRUE,NA,305.5409268,-0.013969952,-0.315047566,0.986127175,0.729754162,0.85,[0.73 : 0.99]
exposure,outcome,2705_5,eKortk,NA,rs2081165,0.072289157,0.033664068,0.03373339,0.031763963,G,A,G,A,-0.2822,-0.0204,0.50084,NA,FALSE,FALSE,FALSE,0.0095,0.03172,TRUE,reported,textfile,CCL25,chr19,8029805,1.00E-200,0.008438,35376,TRUE,reported,textfile,2,1,TRUE,NA,1466.944043,0.1384066,0.006171713,1.148442412,1.006190797,1.07,[1.01 : 1.15]
exposure,outcome,16057_6,eKortk,NA,rs3777399,0.05200341,0.024381927,0.024399868,0.032935627,A,G,A,G,0.5865,0.0305,0.10781,NA,FALSE,FALSE,FALSE,0.0143,0.03304,TRUE,reported,textfile,IGF2R,chr6,160092761,1.00E-200,0.010551,35389,TRUE,reported,textfile,2,1,TRUE,NA,2507.609224,0.099827152,0.004179669,1.104979908,1.004188416,1.05,[1 : 1.1]
exposure,outcome,8398_277,eKortk,NA,rs17699478,0.047151655,0.02213241,0.022138579,0.033135735,T,C,T,C,-0.5196,-0.0245,0.20784,NA,FALSE,FALSE,FALSE,0.0115,0.03327,TRUE,reported,textfile,RARRES1,chr3,158708454,1.00E-200,0.005759,35338,TRUE,reported,textfile,2,1,TRUE,NA,3447.962218,0.09054327,0.003760041,1.094768877,1.003767119,1.05,[1 : 1.09]
exposure,outcome,14047_78,eKortk,NA,rs28383487,-0.34086629,0.16007533,0.167196392,0.033220208,T,G,T,G,-0.1593,0.0543,0.03573,NA,FALSE,FALSE,FALSE,0.0255,0.03292,TRUE,reported,textfile,BDNF,chr11,27722009,1.65E-12,0.022561,35360,TRUE,reported,textfile,2,1,TRUE,NA,61.93569099,-0.013161363,-0.668571217,0.986924869,0.512440221,0.71,[0.51 : 0.99]
exposure,outcome,9950_229,eKortk,NA,rs2301333,-0.408006814,0.192504259,0.201970241,0.034050849,A,G,A,G,0.1174,-0.0479,0.05939,NA,FALSE,FALSE,FALSE,0.0226,0.03409,TRUE,reported,textfile,LAG3,chr12,6771830,2.44E-11,0.017583,35389,TRUE,reported,textfile,2,1,TRUE,NA,54.57605411,-0.012145143,-0.803868486,0.987928312,0.447594099,0.66,[0.45 : 0.99]
exposure,outcome,6060_2,eKortk,NA,rs149884636,0.151461545,0.071855783,0.07205934,0.035043566,A,G,A,G,-1.1871,-0.1798,0.00999,NA,FALSE,FALSE,FALSE,0.0853,0.03518,TRUE,reported,textfile,PIP,chr7,143041505,2.58E-172,0.042421,35373,TRUE,reported,textfile,2,1,TRUE,NA,1014.22603,0.292697851,0.010225239,1.340037838,1.010277695,1.16,[1.01 : 1.34]
exposure,outcome,7141_21,eKortk,NA,rs60291142,-0.35,0.166470588,0.170482345,0.035511819,A,G,A,G,0.17,-0.0595,0.05521,NA,FALSE,FALSE,FALSE,0.0283,0.03551,TRUE,reported,textfile,MGAT4B,chr5,179818093,1.74E-21,0.017858,35337,TRUE,reported,textfile,2,1,TRUE,NA,106.8556094,-0.015854603,-0.684145397,0.98427042,0.504521211,0.7,[0.5 : 0.98]
exposure,outcome,19448_104,eKortk,NA,rs6950051,-0.199623352,0.095417451,0.097375089,0.0364291,T,C,T,C,0.1593,-0.0318,0.06977,NA,FALSE,FALSE,FALSE,0.0152,0.03625,TRUE,reported,textfile,UPP1,chr7,47990536,9.08E-25,0.015503,35350,TRUE,reported,textfile,2,1,TRUE,NA,116.8203157,-0.008768177,-0.390478527,0.991270151,0.676732962,0.82,[0.68 : 0.99]
exposure,outcome,3220_40,eKortk,NA,rs3121280,0.079793689,0.038228155,0.038308561,0.036860881,C,T,C,T,0.3296,0.0263,0.19557,NA,FALSE,FALSE,FALSE,0.0126,0.03739,TRUE,reported,textfile,RET,chr10,42891918,1.00E-200,0.010247,35330,TRUE,reported,textfile,2,1,TRUE,NA,1250.312467,0.154878469,0.00470891,1.167516063,1.004720014,1.08,[1 : 1.17]
exposure,outcome,5105_2,eKortk,NA,rs8142885,0.211278195,0.101503759,0.103238314,0.037389857,C,T,C,T,-0.133,-0.0281,0.15645,NA,FALSE,FALSE,FALSE,0.0135,0.03706,TRUE,reported,textfile,RTN4R,chr22,20223616,3.60E-29,0.011863,35358,TRUE,reported,textfile,2,1,TRUE,NA,165.8499137,0.413625291,0.0089311,1.512290353,1.008971101,1.24,[1.01 : 1.51]
exposure,outcome,9223_11,eKortk,NA,rs1383251,-0.334490741,0.16087963,0.167292837,0.037604789,A,G,A,G,0.0864,-0.0289,0.86721,NA,FALSE,FALSE,FALSE,0.0139,0.03775,TRUE,reported,textfile,MANF,chr3,51329409,3.07E-13,0.01185,35341,TRUE,reported,textfile,2,1,TRUE,NA,60.86234787,-0.00659678,-0.662384701,0.993424931,0.515620267,0.72,[0.52 : 0.99]
exposure,outcome,17813_21,eKortk,NA,rs9503407,0.198355104,0.095791001,0.0968975,0.038386179,C,T,C,T,0.2067,0.041,0.07547,NA,FALSE,FALSE,FALSE,0.0198,0.0382,TRUE,reported,textfile,BPHL,chr6,3143886,4.93E-42,0.015216,35376,TRUE,reported,textfile,2,1,TRUE,NA,212.1717593,0.388274205,0.008436003,1.474434026,1.008471687,1.22,[1.01 : 1.47]
exposure,outcome,4534_10,eKortk,NA,rs7204669,-0.090681153,0.043877977,0.044011086,0.038765574,A,G,A,G,0.2393,-0.0217,0.29505,NA,FALSE,FALSE,FALSE,0.0105,0.03942,TRUE,reported,textfile,PRSS22,chr16,2860735,7.12E-155,0.009026,35321,TRUE,reported,textfile,2,1,TRUE,NA,861.8833532,-0.004419426,-0.176942881,0.995590326,0.837827639,0.91,[0.84 : 1]
exposure,outcome,18432_32,eKortk,NA,rs72843017,0.141813755,0.068776628,0.069163731,0.039212791,T,C,T,C,-0.1643,-0.0233,0.32847,NA,FALSE,FALSE,FALSE,0.0113,0.03924,TRUE,reported,textfile,RALB,chr2,120279001,6.79E-84,0.008466,35360,TRUE,reported,textfile,2,1,TRUE,NA,426.1445034,0.277374669,0.006252842,1.319660714,1.006272432,1.15,[1.01 : 1.32]
exposure,outcome,7921_65,eKortk,NA,rs12574547,-0.195691203,0.095152603,0.096402383,0.039724355,G,A,G,A,0.1114,-0.0218,0.32423,NA,FALSE,FALSE,FALSE,0.0106,0.03978,TRUE,reported,textfile,FJX1,chr11,36151539,1.15E-36,0.008808,35372,TRUE,reported,textfile,2,1,TRUE,NA,193.3996804,-0.006742533,-0.384639873,0.993280147,0.680695729,0.82,[0.68 : 0.99]
exposure,outcome,4220_39,eKortk,NA,rs13178668,-0.266404199,0.12992126,0.133211359,0.040315171,G,A,G,A,0.0762,-0.0203,0.38211,NA,FALSE,FALSE,FALSE,0.0099,0.0403,TRUE,reported,textfile,FER,chr5,108771079,1.37E-19,0.008416,35352,TRUE,reported,textfile,2,1,TRUE,NA,97.18994154,-0.005309936,-0.527498463,0.994704137,0.59007923,0.77,[0.59 : 0.99]
exposure,outcome,13112_179,eKortk,NA,rs1147707,0.140013271,0.068347711,0.068801162,0.040506756,T,C,T,C,-0.1507,-0.0211,0.37455,NA,FALSE,FALSE,FALSE,0.0103,0.04052,TRUE,reported,textfile,FSTL1,chr3,120450401,1.60E-70,0.008488,35352,TRUE,reported,textfile,2,1,TRUE,NA,380.1842792,0.274863548,0.005162994,1.316351044,1.005176346,1.15,[1.01 : 1.32]
exposure,outcome,11540_37,eKortk,NA,rs3813498,-0.375394322,0.184542587,0.194494887,0.041932641,T,C,T,C,-0.0634,0.0238,0.81958,NA,FALSE,FALSE,FALSE,0.0117,0.04112,TRUE,reported,textfile,FOXO3,chr6,108622962,9.84E-10,0.010373,35365,TRUE,reported,textfile,2,1,TRUE,NA,42.08721712,0.005815658,-0.756604301,1.005832601,0.469257181,0.69,[0.47 : 1.01]
exposure,outcome,4155_3,eKortk,NA,rs7018653,0.05830824,0.028743498,0.028759502,0.042501961,T,C,T,C,0.3653,0.0213,0.30019,NA,FALSE,FALSE,FALSE,0.0105,0.04317,TRUE,reported,textfile,TNC,chr9,115126103,1.00E-200,0.00601,35364,TRUE,reported,textfile,2,1,TRUE,NA,2100.396373,0.114676864,0.001939616,1.121510978,1.001941498,1.06,[1 : 1.12]
exposure,outcome,5483_1,eKortk,NA,rs8035249,-0.32027027,0.158108108,0.163149939,0.042801584,T,C,T,C,0.074,-0.0237,0.2778,NA,FALSE,FALSE,FALSE,0.0117,0.04268,TRUE,reported,textfile,RGMA,chr15,93486779,1.75E-15,0.009299,35362,TRUE,reported,textfile,2,1,TRUE,NA,77.86651334,-0.000496389,-0.640044151,0.999503734,0.527269144,0.73,[0.53 : 1]
exposure,outcome,7228_2,eKortk,NA,rs7027357,0.339342524,0.167550371,0.174259925,0.04283488,A,G,A,G,-0.0943,-0.032,0.89515,NA,FALSE,FALSE,FALSE,0.0158,0.04296,TRUE,reported,textfile,ST6GALNAC6,chr9,127897127,1.38E-12,0.013308,35356,TRUE,reported,textfile,2,1,TRUE,NA,59.11282776,0.680891976,-0.002206929,1.97563917,0.997795505,1.4,[1 : 1.98]
exposure,outcome,15523_9,eKortk,NA,rs6478004,0.327702703,0.162162162,0.168633025,0.043297021,A,G,A,G,0.0592,0.0194,0.41003,NA,FALSE,FALSE,FALSE,0.0096,0.04346,TRUE,reported,textfile,ALAD,chr9,113346389,1.41E-12,0.008358,35374,TRUE,reported,textfile,2,1,TRUE,NA,60.07801765,0.658223431,-0.002818026,1.931358095,0.997185941,1.39,[1 : 1.93]
exposure,outcome,5456_59,eKortk,NA,rs17817077,-0.069726699,0.034688157,0.034751908,0.044420499,A,G,A,G,0.2854,-0.0199,0.38947,NA,FALSE,FALSE,FALSE,0.0099,0.04563,TRUE,reported,textfile,CNDP1,chr18,74542308,1.00E-200,0.008612,35378,TRUE,reported,textfile,2,1,TRUE,NA,1425.558909,-0.001612959,-0.137840439,0.998388341,0.871237696,0.93,[0.87 : 1]
exposure,outcome,9244_27,eKortk,NA,rs4660386,0.136594663,0.06797967,0.068406314,0.044500475,C,T,C,T,-0.1574,-0.0215,0.70054,NA,FALSE,FALSE,FALSE,0.0107,0.04425,TRUE,reported,textfile,PPT1,chr1,40094562,1.05E-71,0.00879,35382,TRUE,reported,textfile,2,1,TRUE,NA,371.6267935,0.270671039,0.002518288,1.310843783,1.002521461,1.15,[1 : 1.31]
exposure,outcome,10419_1,eKortk,NA,rs2685414,-0.079675397,0.039837698,0.039924888,0.045500264,T,C,T,C,-0.2711,0.0216,0.29757,NA,FALSE,FALSE,FALSE,0.0108,0.04498,TRUE,reported,textfile,SCARA5,chr8,27952867,1.58E-200,0.008973,35353,TRUE,reported,textfile,2,1,TRUE,NA,1120.561202,-0.001422616,-0.157928177,0.998578395,0.85391111,0.92,[0.85 : 1]
exposure,outcome,13624_17,eKortk,NA,rs4648629,0.160483871,0.080645161,0.08132551,0.046590936,A,C,A,C,-0.124,-0.0199,0.45042,NA,FALSE,FALSE,FALSE,0.01,0.0463,TRUE,reported,textfile,NADK,chr1,1764023,9.16E-53,0.008111,35309,TRUE,reported,textfile,2,1,TRUE,NA,270.8329144,0.319881871,0.001085871,1.376965096,1.00108646,1.17,[1 : 1.38]
exposure,outcome,15587_20,eKortk,NA,rs74603010,0.216064257,0.108835341,0.111575922,0.047117792,G,A,G,A,0.249,0.0538,0.02106,NA,FALSE,FALSE,FALSE,0.0271,0.04704,TRUE,reported,textfile,FOLR2,chr11,72215198,1.48E-18,0.028324,35374,TRUE,reported,textfile,2,1,TRUE,NA,90.65973308,0.434753064,-0.00262455,1.544581599,0.997378891,1.24,[1 : 1.54]
exposure,outcome,5727_35,eKortk,NA,rs2025727,0.077850877,0.039473684,0.039561999,0.048584244,A,G,A,G,0.2736,0.0213,0.76703,NA,FALSE,FALSE,FALSE,0.0108,0.04977,TRUE,reported,textfile,B3GLCT,chr13,31311017,7.59E-191,0.009285,35365,TRUE,reported,textfile,2,1,TRUE,NA,972.076883,0.155392396,0.000309358,1.168116235,1.000309406,1.08,[1 : 1.17]