SNP,gene.exposure,chr.exposure,pos.exposure,b,p,se.delta,OR,conf,effect_allele.exposure,other_allele.exposure,beta.exposure,beta.outcome,pval.exposure,pval.outcome,F_stat
rs3730025,ACE,chr17,63480412,-0.128976572,6.00059E-05,0.032335363,0.88,[0.83 : 0.94],G,A,-1.2165,0.1569,1E-200,0.00006026,1654.595946
rs1859788,PILRA,chr7,100374211,-0.052955665,3.70587E-11,0.008006309,0.95,[0.93 : 0.96],G,A,-1.2992,0.0688,1E-200,4.467E-11,88325.13074
rs144092339,COL11A2,chr6,33192440,0.109044369,0.000186346,0.029615287,1.12,[1.05 : 1.18],T,C,0.586,0.0639,3.001E-103,0.0001886,547.6172257
rs3745997,CD177,chr19,43373254,0.293471503,1.47884E-08,0.053673846,1.34,[1.21 : 1.49],T,G,0.4825,0.1416,1.917E-97,1.474E-08,292.2124231
rs55667375,PRSS8,chr16,31144137,-0.67839196,0.000133044,0.205134768,0.51,[0.34 : 0.76],T,C,0.0597,-0.0405,4.015E-11,0.0001307,51.13429311
rs9299404,OGN,chr9,92408056,-0.09689026,0.000189458,0.026008952,0.91,[0.86 : 0.96],A,G,0.3891,-0.0377,1E-200,0.0001864,2800.199567
rs4984667,DECR2,chr16,411697,-0.149900067,5.48168E-06,0.033237482,0.86,[0.81 : 0.92],T,C,0.3002,-0.045,1E-200,0.000005313,1653.878524
rs2075803,SIGLEC9,chr19,51125272,0.027534113,0.000413601,0.007797938,1.03,[1.01 : 1.04],G,A,-1.2312,-0.0339,1E-200,0.0004255,109912.6115
rs11078596,SERPINF2,chr17,1714968,-0.295480881,5.92575E-05,0.075493769,0.74,[0.64 : 0.86],T,C,-0.1726,0.051,1.511E-68,0.00006101,362.9724312
rs11248061,IDUA,chr4,987108,0.087080657,0.000187944,0.023349529,1.09,[1.04 : 1.14],A,C,0.4203,0.0366,1E-200,0.0001961,3407.916444
rs5848,GRN,chr17,44352876,-0.37574644,3.67965E-15,0.050435385,0.69,[0.62 : 0.76],T,C,-0.2177,0.0818,2.052E-119,3.709E-15,649.5568402
rs61822669,CD55,chr1,207247869,-0.106141199,5.63676E-05,0.026421398,0.9,[0.85 : 0.95],A,G,-0.4136,0.0439,1E-200,0.00005341,2487.195228
rs2523708,MICB,chr6,31483502,0.080990948,1.87588E-06,0.017010709,1.08,[1.05 : 1.12],T,C,-0.6297,-0.051,1E-200,0.000002021,6752.896496
rs651279,LILRA5,chr19,54302487,-0.124026696,8.19597E-06,0.027912807,0.88,[0.84 : 0.93],T,C,0.3596,-0.0446,1E-200,0.000007643,1994.605431
rs258341,DPEP1,chr16,89624734,0.074296358,0.000378763,0.020925723,1.08,[1.03 : 1.12],C,T,0.4832,0.0359,1E-200,0.0003856,4268.869902
rs429358,PSG5,chr19,44908684,-2.920253863,0,0.093435274,0.05,[0.04 : 0.06],C,T,-0.3624,1.0583,1E-200,1E-200,1387.962432
rs150037800,PSG9,chr19,43266733,-0.360127253,0.00034061,0.103601245,0.7,[0.57 : 0.85],T,G,0.4715,-0.1698,6.586E-47,0.0003422,216.2178737
rs35103166,BIN1,chr2,127124606,0.667687596,1.27307E-18,0.087095709,1.95,[1.64 : 2.31],C,T,0.1306,0.0872,1.197E-54,1.139E-18,276.4365493